connection_id,from_node_id,to_node_id,learning_reason,readiness_guidance,illustrative_prompt,source_ids,status,reviewer_role,review_date,educator_notes
c-001,n-cars,n-distance,Following a toy car makes route length concrete.,Check understanding of the source idea; adapt the proposed move to this student.,Which route is longer?,s-openstax-speed,draft,,,Teaching transition is an original draft hypothesis to test.
c-002,n-distance,n-elapsed-time,A journey also has a beginning and an end in time.,Check understanding of the source idea; adapt the proposed move to this student.,Could the same route take different amounts of time?,s-openstax-measure,draft,,,Teaching transition is an original draft hypothesis to test.
c-003,n-elapsed-time,n-average-speed,Combining distance with time makes a journey comparison useful.,Check understanding of the source idea; adapt the proposed move to this student.,What does less time for the same route tell us?,s-openstax-speed,draft,,,Teaching transition is an original draft hypothesis to test.
c-004,n-average-speed,n-average-acceleration,Speed invites a new question about changes in velocity.,Check understanding of the source idea; adapt the proposed move to this student.,Could two cars reach the same speed in different times?,s-nasa-motion,draft,,,Teaching transition is an original draft hypothesis to test.
c-005,n-sharks,n-distance,A shark cruising along a reef covers a distance that can be compared.,Check understanding of the source idea; adapt the proposed move to this student.,Which shark swam farther?,,draft,,,Teaching transition is an original draft hypothesis to test.
c-006,n-average-speed,n-comparison,Speeds become interesting when compared side by side.,Check understanding of the source idea; adapt the proposed move to this student.,Is a shark faster than a car in a parking lot?,s-ngss-fair-test,draft,,,Teaching transition is an original draft hypothesis to test.
c-007,n-sharks,n-animal-body-parts,"Fins, gills, and a tail are easy to point to on a shark.",Check understanding of the source idea; adapt the proposed move to this student.,Which parts help a shark swim?,,draft,,,Teaching transition is an original draft hypothesis to test.
c-008,n-animal-body-parts,n-adaptation,Asking why a shark has a part leads to adaptations.,Check understanding of the source idea; adapt the proposed move to this student.,Why might a shark need a tall tail fin?,,draft,,,Teaching transition is an original draft hypothesis to test.
c-009,n-adaptation,n-habitat,An adaptation makes sense only in the place the animal lives.,Check understanding of the source idea; adapt the proposed move to this student.,Would those fins help on land?,,draft,,,Teaching transition is an original draft hypothesis to test.
c-010,n-habitat,n-food-chain,Who eats whom connects the animals that share a habitat.,Check understanding of the source idea; adapt the proposed move to this student.,What might a shark eat on a reef?,,draft,,,Teaching transition is an original draft hypothesis to test.
c-011,n-soccer,n-force,A kick is a push you can feel and see.,Check understanding of the source idea; adapt the proposed move to this student.,What makes the ball start moving?,,draft,,,Teaching transition is an original draft hypothesis to test.
c-012,n-force,n-direction,The same kick can send the ball different ways.,Check understanding of the source idea; adapt the proposed move to this student.,How do you aim a pass?,,draft,,,Teaching transition is an original draft hypothesis to test.
c-013,n-direction,n-distance,Aiming a pass leads to how far it must travel.,Check understanding of the source idea; adapt the proposed move to this student.,How far does this pass need to go?,,draft,,,Teaching transition is an original draft hypothesis to test.
c-014,n-distance,n-force,A longer pass needs a harder kick.,Check understanding of the source idea; adapt the proposed move to this student.,Would a gentle tap reach the far goal?,,draft,,,Teaching transition is an original draft hypothesis to test.
c-015,n-soccer,n-length,A soccer field has lengths you can measure.,Check understanding of the source idea; adapt the proposed move to this student.,How long is the field?,s-openstax-geometry,draft,,,Teaching transition is an original draft hypothesis to test.
c-016,n-length,n-perimeter,Several boundary lengths combine into a perimeter.,Check understanding of the source idea; adapt the proposed move to this student.,How far is one lap around the field?,s-openstax-geometry,draft,,,Teaching transition is an original draft hypothesis to test.
c-017,n-perimeter,n-area,Covering the inside raises a different measurement question.,Check understanding of the source idea; adapt the proposed move to this student.,Would knowing the lap tell us how much grass we need?,s-openstax-geometry,draft,,,Teaching transition is an original draft hypothesis to test.
c-018,n-area,n-square-unit,Measuring the space inside needs a square unit.,Check understanding of the source idea; adapt the proposed move to this student.,What shape of tile could cover the field?,s-openstax-geometry,draft,,,Teaching transition is an original draft hypothesis to test.
c-019,n-cars,n-fair-test,Toy-car ramp races invite making the race fair.,Check understanding of the source idea; adapt the proposed move to this student.,How do we make a ramp race fair?,s-ngss-fair-test,draft,,,Teaching transition is an original draft hypothesis to test.
c-020,n-fair-test,n-observation,A planned comparison needs explicit observations.,Check understanding of the source idea; adapt the proposed move to this student.,"What would we record, and what would remain a guess?",s-ngss-fair-test,draft,,,Teaching transition is an original draft hypothesis to test.
c-021,n-observation,n-measurement,A noticed difference can motivate a more precise measurement.,Check understanding of the source idea; adapt the proposed move to this student.,How could we measure which car went farther?,s-openstax-measure,draft,,,Teaching transition is an original draft hypothesis to test.
c-022,n-measurement,n-comparison,Measured results let you compare fairly.,Check understanding of the source idea; adapt the proposed move to this student.,"Which car rolled farther, and by how much?",s-ngss-fair-test,draft,,,Teaching transition is an original draft hypothesis to test.
c-023,n-rate,n-measurement,Rates invite discussion of which quantities and units were measured.,Educator decides whether the transition fits the current learning goal.,,,draft,,,Unassigned branch for future educator curation.
c-024,n-sharks,n-streamlined-shape,A shark's smooth shape hints at how it moves fast through water.,Educator decides whether the transition fits the current learning goal.,,,draft,,,Unassigned branch for future educator curation.
c-025,n-cars,n-friction,Tire grip raises a question about rubbing surfaces.,Educator decides whether the transition fits the current learning goal.,,,draft,,,Unassigned branch for future educator curation.
c-026,n-force,n-friction,A rolling ball slows down because something pushes back.,Educator decides whether the transition fits the current learning goal.,,,draft,,,Unassigned branch for future educator curation.
