node_id,label,definition,aliases,subject_tags,scope_notes,source_ids,status,reviewer_role,review_date,educator_notes
n-cars,Cars,Vehicles as a topic for noticing and comparing motion.,vehicles,transport|physics,Use toys or hypothetical runs; no current product rankings.,s-nasa-motion,draft,,,Illustrative draft; educator may revise or replace.
n-sharks,Sharks,"Sharks as a topic for noticing how animals move, live, and eat.",,life-science|physics,Use pictures and hypothetical comparisons; avoid frightening framing.,,draft,,,Illustrative draft; educator may revise or replace.
n-soccer,Soccer,"Soccer as a topic for noticing pushes, directions, and fields.",football,sports|physics|mathematics,Use a soft ball or hypothetical plays.,,draft,,,Illustrative draft; educator may revise or replace.
n-distance,Distance traveled,The length of a route traveled by an object.,path length,physics|measurement,Distance traveled and displacement need not be equal.,s-openstax-speed,draft,,,Illustrative draft; educator may revise or replace.
n-elapsed-time,Elapsed time,The duration between a chosen start and end.,duration,measurement|physics,"State the start, end and unit when comparing.",s-openstax-measure,draft,,,Illustrative draft; educator may revise or replace.
n-average-speed,Average speed,Distance traveled divided by elapsed time.,,physics,An interval average does not describe every moment of motion.,s-openstax-speed,draft,,,Illustrative draft; educator may revise or replace.
n-average-acceleration,Average acceleration,Change in velocity divided by the elapsed time.,,physics,Velocity includes direction. A time alone is not acceleration.,s-nasa-motion,draft,,,Illustrative draft; educator may revise or replace.
n-rate,Rate,A quantity expressed per unit of another quantity.,,mathematics|measurement,Name both quantities and units; not every rate measures time.,s-nasa-motion,draft,,,Illustrative draft; educator may revise or replace.
n-change,Change,A difference between states or measurements.,,science|mathematics,Specify what changed and the comparison being made.,s-nasa-motion,draft,,,Illustrative draft; educator may revise or replace.
n-force,Force,A push or a pull on an object.,push|pull,physics,"Name what pushes, what is pushed, and in which direction.",,draft,,,Illustrative draft; educator may revise or replace.
n-direction,Direction,Which way something points or moves.,,physics|mathematics,"Describe direction relative to something, such as toward the goal.",,draft,,,Illustrative draft; educator may revise or replace.
n-friction,Friction,A force that resists sliding or rolling between surfaces.,,physics,Friction can slow motion and also lets tires and shoes grip.,,draft,,,Illustrative draft; educator may revise or replace.
n-streamlined-shape,Streamlined shape,A smooth shape that moves through water or air with less resistance.,,physics|life-science,Resistance depends on speed and shape; keep comparisons qualitative.,,draft,,,Illustrative draft; educator may revise or replace.
n-comparison,Comparison,Examining similarities or differences using explicit criteria.,,science|mathematics,A useful comparison states which attributes matter.,s-ngss-fair-test,draft,,,Illustrative draft; educator may revise or replace.
n-fair-test,Fair test,A comparison designed to separate the factor of interest from other influences.,controlled comparison,science|design,One simple comparison rarely establishes a universal cause.,s-ngss-fair-test,draft,,,Illustrative draft; educator may revise or replace.
n-observation,Observation,A recorded description or measurement of what was noticed.,,science|measurement,Keep observations distinguishable from explanations and guesses.,s-ngss-fair-test,draft,,,Illustrative draft; educator may revise or replace.
n-measurement,Measurement,Comparing a quantity with an agreed unit.,measuring,mathematics|science,"A measurement needs a quantity, value and unit.",s-openstax-measure,draft,,,Illustrative draft; educator may revise or replace.
n-length,Length,The extent of something along one dimension.,,mathematics|measurement,State units and align measuring tools consistently.,s-openstax-geometry,draft,,,Illustrative draft; educator may revise or replace.
n-perimeter,Perimeter,The total length around a plane figure's boundary.,,mathematics,Boundary length differs from surface area.,s-openstax-geometry,draft,,,Illustrative draft; educator may revise or replace.
n-area,Area,The measure of a two-dimensional region.,,mathematics,Use square units; boundary length alone does not determine area.,s-openstax-geometry,draft,,,Illustrative draft; educator may revise or replace.
n-square-unit,Square unit,An area unit represented by a square with unit-length sides.,,mathematics|measurement,"A unit square is a model for area, not a unit of perimeter.",s-openstax-geometry,draft,,,Illustrative draft; educator may revise or replace.
n-rectangle,Rectangle,A quadrilateral with four right angles.,,mathematics,A square is a particular rectangle.,s-openstax-geometry,draft,,,Illustrative draft; educator may revise or replace.
n-animal-body-parts,Animal body parts,"Structures such as fins, gills, and tails that serve functions.",,life-science,Body parts vary by species; name the animal being discussed.,,draft,,,Illustrative draft; educator may revise or replace.
n-adaptation,Adaptation,A trait that helps a living thing survive where it lives.,,life-science,Describe what the trait helps with; avoid saying animals chose their traits.,,draft,,,Illustrative draft; educator may revise or replace.
n-habitat,Habitat,The place where a living thing finds what it needs.,,life-science,"Name the specific place, such as a reef or open ocean.",,draft,,,Illustrative draft; educator may revise or replace.
n-food-chain,Food chain,A sequence showing which living things eat which.,,life-science,Real feeding relationships form webs; a chain is a simplified model.,,draft,,,Illustrative draft; educator may revise or replace.
