path_step_id,path_id,sequence,target_node_id,connection_id,step_goal,opening_prompt,activity,understanding_check,expected_observation,materials,content_revision,source_ids,status,reviewer_role,review_date,educator_notes
p-cars-s01,p-cars,1,n-distance,c-001,Compare distances along two routes.,Which toy-car route is longer?,Lay out two paper roads of different lengths and roll a toy car along each.,"Which road is longer, and how can you tell without guessing?","Explains the comparison using the roads, such as laying a string along each; picking the longer road without a reason is not enough.",two paper roads|a toy car|string,1,s-openstax-speed,draft,,,
p-cars-s02,p-cars,2,n-elapsed-time,c-002,Distinguish duration from distance.,Could the same road take different amounts of time?,Roll the car slowly and quickly along the same road and count.,,,,1,s-openstax-measure,draft,,,
p-cars-s03,p-cars,3,n-average-speed,c-003,Compare average speeds for the same route.,What does less time for the same road tell us?,Compare two timed runs on one road.,,,,1,s-openstax-speed,draft,,,
p-cars-s04,p-cars,4,n-average-acceleration,c-004,Distinguish moving quickly from changing speed quickly.,Could two cars reach the same speed in different times?,Discuss two hypothetical runs that end at the same speed.,,,,1,s-nasa-motion,draft,,,
p-cars-ramp-s01,p-cars-ramp,1,n-fair-test,c-019,Plan a ramp race that changes only one thing.,How do we make a ramp race fair?,Build two identical ramps and decide what must stay the same.,"If one car starts higher up the ramp, is the race still fair? Why?","Names something that must stay the same, such as the start height; saying the faster car is better is not enough.",two ramps|two toy cars|tape,1,s-ngss-fair-test,draft,,,
p-cars-ramp-s02,p-cars-ramp,2,n-observation,c-020,"Record what happened, separate from guesses.","What did we see, and what are we only guessing?",Run the race and note where each car stopped.,,,,1,s-ngss-fair-test,draft,,,
p-cars-ramp-s03,p-cars-ramp,3,n-measurement,c-021,Measure how far each car rolled.,How could we measure which car went farther?,Measure each stopping point with a ruler or string.,,,,1,s-openstax-measure,draft,,,
p-cars-ramp-s04,p-cars-ramp,4,n-comparison,c-022,Compare measured results fairly.,"Which car rolled farther, and by how much?",Compare the two measurements side by side.,,,,1,s-ngss-fair-test,draft,,,
p-sharks-speed-s01,p-sharks-speed,1,n-distance,c-005,Compare distances two sharks swim.,Which shark swam farther?,Use two pictured shark routes on a reef map and trace each with a finger.,"Which route is longer, and how did you check?","Uses a way to compare the routes, such as counting map squares; picking the bigger shark is not enough.",printed reef map|two shark cut-outs,1,,draft,,,
p-sharks-speed-s02,p-sharks-speed,2,n-elapsed-time,c-002,Distinguish how long a swim takes from how far it goes.,Could two sharks swim the same distance in different times?,Compare two pretend swims over the same route.,,,,1,s-openstax-measure,draft,,,
p-sharks-speed-s03,p-sharks-speed,3,n-average-speed,c-003,Compare the speed of two swims.,What does a shorter time over the same route tell us?,Compare two pretend timed swims.,,,,1,s-openstax-speed,draft,,,
p-sharks-speed-s04,p-sharks-speed,4,n-comparison,c-006,Compare speeds across animals and machines.,Is a shark faster than a car in a parking lot?,"Line up pretend speeds for a shark, a fish and a slow-moving car.",,,,1,s-ngss-fair-test,draft,,,
p-sharks-body-s01,p-sharks-body,1,n-animal-body-parts,c-007,Name visible shark body parts and what they do.,Which parts help a shark swim?,"Look at a shark picture and point to fins, gills and tail.",What does the tail do when the shark swims?,"Connects a part to what it does, such as the tail pushing water; only naming the part is not enough.",shark picture,1,,draft,,,
p-sharks-body-s02,p-sharks-body,2,n-adaptation,c-008,Explain how a body part suits how a shark lives.,Why might a shark need a tall tail fin?,Compare a shark's tail with a slow fish's tail in pictures.,,,,1,,draft,,,
p-sharks-body-s03,p-sharks-body,3,n-habitat,c-009,Connect body parts to where sharks live.,Would those fins help on land?,Sort pictured animals by where they live.,,,,1,,draft,,,
p-sharks-body-s04,p-sharks-body,4,n-food-chain,c-010,Describe who eats whom in a shark's habitat.,What might a shark eat on a reef?,Arrange pictured animals into a simple chain.,,,,1,,draft,,,
p-soccer-kick-s01,p-soccer-kick,1,n-force,c-011,Describe a kick as a push.,What makes the ball start moving?,"Gently push a soft ball with a foot, then with a hand.",What started the ball moving each time?,Names the push as the cause; saying the ball wanted to move is not enough.,soft ball,1,,draft,,,
p-soccer-kick-s02,p-soccer-kick,2,n-direction,c-012,Notice that the push's direction sets where the ball goes.,How do you aim a pass?,Push the ball toward two different targets.,,,,1,,draft,,,
p-soccer-kick-s03,p-soccer-kick,3,n-distance,c-013,Measure how far a pass travels.,How far does this pass need to go?,Mark where gentle and harder passes stop.,,,,1,,draft,,,
p-soccer-kick-s04,p-soccer-kick,4,n-force,c-014,Revisit force: a longer pass needs a harder kick.,Would a gentle tap reach the far goal?,Compare how hard to push for a short and a long pass.,,,,1,,draft,,,
p-soccer-field-s01,p-soccer-field,1,n-length,c-015,Compare lengths on a field with a consistent unit.,How long is the field?,Measure a drawn field's sides using paper strips of equal length.,"Which side is longer, and by how many strips?",Counts equal strips without gaps or overlaps; eyeballing alone is not enough.,drawn field|paper strips,1,s-openstax-geometry,draft,,,
p-soccer-field-s02,p-soccer-field,2,n-perimeter,c-016,Describe the total length around the field.,How far is one lap around the field?,Add the four side lengths.,,,,1,s-openstax-geometry,draft,,,
p-soccer-field-s03,p-soccer-field,3,n-area,c-017,Distinguish surface coverage from boundary length.,Would knowing the lap tell us how much grass we need?,Cover the drawn field with square tiles.,,,,1,s-openstax-geometry,draft,,,
p-soccer-field-s04,p-soccer-field,4,n-square-unit,c-018,Explain why area is counted in squares.,What shape of tile could cover the field?,Compare covering the field with squares and with strips.,,,,1,s-openstax-geometry,draft,,,
