relationship_id,from_node_id,relationship_type,to_node_id,rationale,source_ids,status,reviewer_role,review_date,educator_notes
r-001,n-average-speed,uses,n-distance,The average-speed calculation uses route length.,s-openstax-speed,draft,,,Relationship wording is an educator-review proposal.
r-002,n-average-speed,uses,n-elapsed-time,The calculation uses the duration of the same journey.,s-openstax-speed,draft,,,Relationship wording is an educator-review proposal.
r-003,n-average-speed,is_a,n-rate,Average speed is distance per unit time.,s-openstax-speed,draft,,,Relationship wording is an educator-review proposal.
r-004,n-average-acceleration,is_a,n-rate,Average acceleration is velocity change per unit time.,s-nasa-motion,draft,,,Relationship wording is an educator-review proposal.
r-005,n-average-acceleration,uses,n-elapsed-time,Its interval must match the velocity comparison.,s-nasa-motion,draft,,,Relationship wording is an educator-review proposal.
r-006,n-average-acceleration,uses,n-change,The numerator is a change in velocity.,s-nasa-motion,draft,,,Relationship wording is an educator-review proposal.
r-007,n-distance,is_a,n-length,Route distance is a length measured along a path.,s-openstax-speed,draft,,,Relationship wording is an educator-review proposal.
r-008,n-length,related_to,n-measurement,Measuring length compares extent with a unit.,s-openstax-geometry,draft,,,Relationship wording is an educator-review proposal.
r-009,n-area,related_to,n-measurement,Area measurement compares a region with square units.,s-openstax-geometry,draft,,,Relationship wording is an educator-review proposal.
r-010,n-perimeter,uses,n-length,Perimeter combines boundary lengths.,s-openstax-geometry,draft,,,Relationship wording is an educator-review proposal.
r-011,n-area,uses,n-square-unit,Square units provide a measure for region size.,s-openstax-geometry,draft,,,Relationship wording is an educator-review proposal.
r-012,n-rectangle,related_to,n-area,Rectangles provide useful regions to measure.,s-openstax-geometry,draft,,,Relationship wording is an educator-review proposal.
r-013,n-rectangle,related_to,n-perimeter,A rectangle has a boundary whose lengths can be summed.,s-openstax-geometry,draft,,,Relationship wording is an educator-review proposal.
r-014,n-fair-test,uses,n-observation,A comparison needs recorded observations.,s-ngss-fair-test,draft,,,Relationship wording is an educator-review proposal.
r-015,n-fair-test,uses,n-comparison,An explicit comparison connects the question to evidence.,s-ngss-fair-test,draft,,,Relationship wording is an educator-review proposal.
r-016,n-comparison,uses,n-measurement,Quantitative comparisons use compatible measurements.,s-ngss-fair-test,draft,,,Relationship wording is an educator-review proposal.
r-017,n-observation,related_to,n-measurement,A measurement is one form of observational evidence.,s-ngss-fair-test,draft,,,Relationship wording is an educator-review proposal.
r-018,n-change,related_to,n-elapsed-time,Measurements over a stated interval can describe change.,s-nasa-motion,draft,,,Relationship wording is an educator-review proposal.
r-019,n-force,explains,n-change,A push or pull can change how an object moves.,,draft,,,Relationship wording is an educator-review proposal.
r-020,n-friction,is_a,n-force,Friction is a force that resists sliding or rolling.,,draft,,,Relationship wording is an educator-review proposal.
r-021,n-force,related_to,n-direction,Every push or pull acts in some direction.,,draft,,,Relationship wording is an educator-review proposal.
r-022,n-animal-body-parts,related_to,n-adaptation,Many body parts are adaptations to how an animal lives.,,draft,,,Relationship wording is an educator-review proposal.
r-023,n-adaptation,related_to,n-habitat,An adaptation suits the habitat where the animal lives.,,draft,,,Relationship wording is an educator-review proposal.
r-024,n-food-chain,related_to,n-habitat,Food chains link the living things that share a habitat.,,draft,,,Relationship wording is an educator-review proposal.
r-025,n-streamlined-shape,example_of,n-adaptation,A shark's streamlined body is an adaptation for moving through water.,,draft,,,Relationship wording is an educator-review proposal.
r-026,n-streamlined-shape,related_to,n-friction,"A smooth shape meets less resistance, a push-back similar to friction.",,draft,,,Relationship wording is an educator-review proposal.
r-027,n-soccer,uses,n-force,Kicking and heading a ball apply force.,,draft,,,Relationship wording is an educator-review proposal.
r-028,n-soccer,uses,n-length,A field and its markings are laid out by length.,,draft,,,Relationship wording is an educator-review proposal.
r-029,n-cars,uses,n-friction,Tires grip the road through friction.,,draft,,,Relationship wording is an educator-review proposal.
r-030,n-sharks,related_to,n-food-chain,Sharks are predators in many ocean food chains.,,draft,,,Relationship wording is an educator-review proposal.
r-031,n-cars,uses,n-average-speed,Comparing how fast cars travel uses average speed.,s-openstax-speed,draft,,,Relationship wording is an educator-review proposal.
r-032,n-sharks,related_to,n-streamlined-shape,A shark's body shape is a clear example of streamlining.,,draft,,,Relationship wording is an educator-review proposal.
